<?xml version='1.0' encoding='utf-8'?>
<updateConfig Ver="1.00">
    <Protocol IsFull="1" Name="updateConfig" />
    <file fileName="GateProductTest" filetype="test_exe" sendFilePath="/tmp/" />
    <file fileName="bms" filetype="exe" sendFilePath="/pai-gate/bin" />
    <file fileName="FindGateServer" filetype="exe" sendFilePath="/pai-gate/bin" />
    <file fileName="smartgw" filetype="exe" sendFilePath="/pai-gate/bin" />
    <file fileName="demand" filetype="exe" sendFilePath="/pai-gate/bin" />
    <file fileName="PiEMSgw" filetype="exe" sendFilePath="/pai-gate/bin" />
    <file fileName="GUI_XML" filetype="exe" sendFilePath="/pai-gate/bin" />
    <file fileName="key-default" filetype="exe" sendFilePath="/pai-gate/bin" />
    <file fileName="gsm_ctrl" filetype="exe" sendFilePath="/pai-gate/bin" />
    <file fileName="gsm_ctrl-off" filetype="exe" sendFilePath="/pai-gate/bin" />
    <file fileName="GUI_XML" filetype="exe" sendFilePath="/pai-gate/bin" />
    <file fileName="key-default" filetype="exe" sendFilePath="/pai-gate/bin" />
    <file fileName="MqttClient" filetype="exe" sendFilePath="/pai-gate/bin" />
    <file fileName="dmsMqttService" filetype="exe" sendFilePath="/pai-gate/bin" />
    <file fileName="flash_eraseall" filetype="exe" sendFilePath="/sbin" />
    <file fileName="nandwrite" filetype="exe" sendFilePath="/sbin" />
    <file fileName="ShmManager" filetype="exe" sendFilePath="/pai-gate/bin" />
    <file fileName="CloudUpload" filetype="exe" sendFilePath="/pai-gate/bin" />
    <file fileName="GwCloudService" filetype="exe" sendFilePath="/pai-gate/bin/CommUpload" />
    <file fileName="GwCloudService_scada" filetype="exe" sendFilePath="/pai-gate/bin/CommUpload" />
    <file fileName="UpFoShan" filetype="exe" sendFilePath="/pai-gate/bin/CommUpload" />
    <file fileName="FoShanTranslate" filetype="exe" sendFilePath="/pai-gate/bin/CommUpload" />
    <file fileName="NetworkManagement" filetype="exe" sendFilePath="/pai-gate/bin" />
    <file fileName="log_ctrl" filetype="exe" sendFilePath="/pai-gate/bin" />
    <file fileName="zlog-chk-conf" filetype="exe" sendFilePath="/pai-gate/bin" />
    <file fileName="SmsSender" filetype="exe" sendFilePath="/pai-gate/bin" />
    <file fileName="openvpn" filetype="exe" sendFilePath="/usr/sbin" />
    <file fileName="libzlog.so.1.1" filetype="file" sendFilePath="/usr/lib" />
    <file fileName="unzip" filetype="exe" sendFilePath="/usr/bin/" />
    <file fileName="startup.sh" filetype="script" sendFilePath="/pai-gate/bin" />
    <file fileName="gprs-wdt.sh" filetype="script" sendFilePath="/pai-gate/bin" />
    <file fileName="deamon.sh" filetype="script" sendFilePath="/pai-gate/bin" />
    <file fileName="keepdemo.sh" filetype="script" sendFilePath="/pai-gate/bin" />
    <file fileName="init.sh" filetype="script" sendFilePath="/pai-gate/bin" />
    <file fileName="startup.sh" filetype="script" sendFilePath="/pai-gate/bin" />
    <file fileName="process.sh" filetype="script" sendFilePath="/pai-gate/bin" />
    <file fileName="MqttDown.sh" filetype="script" sendFilePath="/pai-gate/bin" />
    <file fileName="ip-down" filetype="script" sendFilePath="/etc/ppp" />
    <file fileName="ip-up" filetype="script" sendFilePath="/etc/ppp" />
    <file fileName="S15pai-gate6.sh" filetype="script" sendFilePath="/etc/rc5.d" />
    <file fileName="rebootflgfile" filetype="script" sendFilePath="/tmp/" />
    <file fileName="upDateConfig.sh" filetype="update" sendFilePath="/pai-gate/bin" />
    <file fileName="xgate-lib.zip" filetype="zip" sendFilePath="/pai-gate" />
    <file fileName="xgate-etc.zip" filetype="zip" sendFilePath="/pai-gate" />
    <file fileName="lib.zip" filetype="zip" sendFilePath="/" />
    <file fileName="etc.zip" filetype="zip" sendFilePath="/" />
    <file fileName="usr.zip" filetype="zip" sendFilePath="/" />
    <file fileName="web-new.zip" filetype="zip" sendFilePath="/pai-gate" />
    <file fileName="version.zip" filetype="zip" sendFilePath="/pai-gate/Config/" />
    <file fileName="SystemConfig.zip" filetype="zip" sendFilePath="/pai-gate" />
    <file fileName="config.conf" filetype="conf" sendFilePath="/pai-gate/Config" />
    <file fileName="UpgradeConfig.conf" filetype="conf" sendFilePath="/pai-gate/Config" />
    <file fileName="uImage" filetype="uImage" kernelver="3.2.0 #195" sendFilePath="/tmp/uploads" />
    <file fileName="MLO" filetype="MLO" sendFilePath="/tmp/uploads" />
    <file fileName="u-boot.img" filetype="u-boot" sendFilePath="/tmp/uploads" />
    <file fileName="install_driver.sh" filetype="script" sendFilePath="/etc/init.d" />
    <file fileName="install.sh" filetype="test_exe" sendFilePath="/pai-gate/bin" />
    <file fileName="ps_xgate" filetype="exe" sendFilePath="/pai-gate/bin" />
    <file fileName="gsmDeamon" filetype="exe" sendFilePath="/pai-gate/bin" />
    <file fileName="gsmMuxd" filetype="exe" sendFilePath="/pai-gate/bin" />
    <file fileName="gsm_ssi" filetype="exe" sendFilePath="/pai-gate/bin" />
    <file fileName="Decrypt" filetype="exe" sendFilePath="/pai-gate/bin/CommUpload" />
    <file fileName="UpdateConf" filetype="exe" sendFilePath="/pai-gate/bin/CommUpload" />
    <file fileName="UpChangSha" filetype="exe" sendFilePath="/pai-gate/bin/CommUpload" />
    <file fileName="UpGuangZhouJiDian" filetype="exe" sendFilePath="/pai-gate/bin/CommUpload" />
    <file fileName="UpNanTong" filetype="exe" sendFilePath="/pai-gate/bin/CommUpload" />
    <file fileName="UpNeiMengGu" filetype="exe" sendFilePath="/pai-gate/bin/CommUpload" />
    <file fileName="UpPilotRecall" filetype="exe" sendFilePath="/pai-gate/bin/CommUpload" />
    <file fileName="UpRestful" filetype="exe" sendFilePath="/pai-gate/bin/CommUpload" />
    <file fileName="UpShanghai" filetype="exe" sendFilePath="/pai-gate/bin/CommUpload" />
    <file fileName="UpFoShan" filetype="exe" sendFilePath="/pai-gate/bin/CommUpload" />
    <file fileName="FoShanTranslate" filetype="exe" sendFilePath="/pai-gate/bin/CommUpload" />
    <file fileName="UpGuiLin" filetype="exe" sendFilePath="/pai-gate/bin/CommUpload" />
    <file fileName="UpXiaMen" filetype="exe" sendFilePath="/pai-gate/bin/CommUpload" />
    <file fileName="dosfsck" filetype="exe" sendFilePath="/pai-gate/bin" />
    <file fileName="RemoteProxy" filetype="exe" sendFilePath="/pai-gate/bin" />
    <file fileName="RemoteCore" filetype="exe" sendFilePath="/pai-gate/bin" />
    <file fileName="upConfigFile.sh" filetype="exe" sendFilePath="/pai-gate/bin" />
    <file fileName="deamon_keepalived.sh" filetype="exe" sendFilePath="/pai-gate/bin/KeepAlived" />
    <file fileName="keepalived" filetype="exe" sendFilePath="/pai-gate/bin/KeepAlived" />
    <file fileName="notify.sh" filetype="exe" sendFilePath="/pai-gate/bin/KeepAlived" />
    <file fileName="notify_backup.sh" filetype="exe" sendFilePath="/pai-gate/bin/KeepAlived" />
    <file fileName="notify_fault.sh" filetype="exe" sendFilePath="/pai-gate/bin/KeepAlived" />
    <file fileName="notify_master.sh" filetype="exe" sendFilePath="/pai-gate/bin/KeepAlived" />
    <file fileName="process_keepalived.sh" filetype="exe" sendFilePath="/pai-gate/bin/KeepAlived" />
    <file fileName="schedule.sh" filetype="exe" sendFilePath="/pai-gate/bin/KeepAlived" />

    <file fileName="log.db" filetype="file" sendFilePath="/media/mmcblk0p1" />

    <file fileName="chargerecord" filetype="exe" sendFilePath="/pai-gate/bin" />
    <file fileName="realdata" filetype="exe" sendFilePath="/pai-gate/bin" />
	<file fileName="writexml" filetype="exe" sendFilePath="/pai-gate/bin" />
    <file fileName="WritePoint" filetype="exe" sendFilePath="/pai-gate/bin" />

    <file fileName="send" filetype="exe" sendFilePath="/pai-gate/600Update" />
    <file fileName="snmpd" filetype="exe" sendFilePath="/pai-gate/net-snmp/sbin" />
    <file fileName="snmptrapd" filetype="exe" sendFilePath="/pai-gate/net-snmp/sbin" />

    <file fileName="factory-profile.zip" filetype="zip" sendFilePath="/pai-gate" />
    <file fileName="GateTools.zip" filetype="file" sendFilePath="/media/mmcblk0p1" />
    
    <filesize size="22249335" />
</updateConfig>
